date,home_team,away_team,p_home,p_draw,p_away,pred_outcome,pred_home_goals,pred_away_goals,home_goals,away_goals,actual_outcome,correct,rps
2026-06-18,Mexico,South Korea,0.4558547746444741,0.2793777379442163,0.2647674874113095,0,1,0,1,0,0,1,0.183097924333657
2026-06-18,Canada,Qatar,0.6794637451421021,0.2050094695558335,0.1155267853020643,0,1,0,6,0,0,1,0.0580449644002782
2026-06-18,Switzerland,Bosnia and Herzegovina,0.6923267347069191,0.1917512780344995,0.1159219872585816,0,2,0,4,1,0,1,0.0540503726530426
2026-06-18,Czech Republic,South Africa,0.5277480518427644,0.244983341096159,0.2272686070610765,0,1,0,1,1,1,0,0.1650845129896576
2026-06-18,Uzbekistan,Colombia,0.1645889777340803,0.2088236103795357,0.6265874118863839,2,0,2,1,3,2,1,0.0832632462766293
2026-06-19,United States,Australia,0.2650391689197702,0.2297913431351346,0.5051694879450952,2,1,1,2,0,0,0,0.3976818173864259
2026-06-19,Turkey,Paraguay,0.4871460349288975,0.25345792171055,0.2593960433605526,0,1,1,0,1,2,0,0.3929027399684757
2026-06-19,Mexico,South Korea,0.4918770597602452,0.26647403224460675,0.24164890799514815,0,1,0,1,0,0,1,0.15829155856657048
2026-06-19,Scotland,Morocco,0.211776984465318,0.2299432748561527,0.5582797406785293,2,1,1,0,1,2,1,0.1199831393221254
2026-06-19,Brazil,Haiti,0.7051593895791921,0.1822584333521645,0.1125821770686433,0,2,0,3,0,0,1,0.0498028660734149
2026-06-20,Ecuador,Curaçao,0.8022690509591472,0.1239792542307501,0.0737516948101026,0,2,0,0,0,1,0,0.3245374713071267
2026-06-20,Brazil,Haiti,0.7143385866423351,0.17588168526343725,0.10977972809422763,0,2,0,3,0,0,1,0.04682701589097063
2026-06-20,Germany,Ivory Coast,0.5798340574298424,0.2244159235243971,0.1957500190457603,0,1,0,2,1,0,1,0.1074287446261422
2026-06-20,Tunisia,Japan,0.1155823721123632,0.1885837301653472,0.6958338977222895,2,0,2,0,4,2,1,0.0529381512589677
2026-06-20,Turkey,Paraguay,0.4829935684559615,0.25481417693085406,0.2621922546131844,0,1,1,0,1,2,0,0.3888215281612997
2026-06-20,Netherlands,Sweden,0.6398822776245672,0.1927299960297403,0.1673877263456926,0,2,1,5,1,0,1,0.0788517124500248
2026-06-21,New Zealand,Egypt,0.2769038668783942,0.2634868295389949,0.4596093035826109,2,1,1,1,3,2,1,0.184348928133339
2026-06-21,Uruguay,Cape Verde,0.8619728657908671,0.1067189371693579,0.0313081970397751,0,2,0,2,2,1,0,0.3719887122808007
2026-06-21,Spain,Saudi Arabia,0.7718933082712044,0.1603515713994901,0.0677551203293054,0,2,0,4,0,0,1,0.0283117095711472
2026-06-21,Belgium,Iran,0.5516860471670859,0.2304990964613698,0.2178148563715444,0,1,1,0,0,1,0,0.1759004031475003
2026-06-21,Ecuador,Curaçao,0.817370759673667,0.11650089621058947,0.06612834411574356,0,3,0,0,0,1,0,0.33623395833249886
2026-06-21,Tunisia,Japan,0.11426170710368584,0.1826724444408874,0.7030658484554269,2,0,2,0,4,2,1,0.050612814031872046
2026-06-22,France,Iraq,0.7849506707379441,0.1478591145868692,0.0671902146751867,0,2,0,3,0,0,1,0.0253803694820788
2026-06-22,Argentina,Austria,0.7164315568342383,0.1790371535941185,0.104531289571643,0,2,0,2,0,0,1,0.0456689262294822
2026-06-22,New Zealand,Egypt,0.28656872010198947,0.2674554600044887,0.44597581989352186,2,1,1,1,3,2,1,0.19453221174177393
2026-06-23,Portugal,Uzbekistan,0.6433621718427345,0.2087155305465553,0.1479222976107102,0,1,0,5,0,0,1,0.0745357733015813
2026-06-23,Norway,Senegal,0.5042628492256738,0.251310046638994,0.2444271041353324,0,1,1,3,2,0,1,0.1527499659469158
2026-06-23,Panama,Croatia,0.2641222572527692,0.2346996038579917,0.5011781388892392,2,1,1,0,1,2,1,0.1592919079491506
2026-06-23,Jordan,Algeria,0.1988126327956365,0.2176865675637586,0.5835007996406049,2,1,1,1,2,2,1,0.106499023429574
2026-06-23,England,Ghana,0.7710881181478403,0.1602061819948393,0.0687056998573202,0,2,0,0,0,1,0,0.2996486795708309
2026-06-24,Bosnia and Herzegovina,Qatar,0.4890795762548179,0.2492476589137004,0.2616727648314815,0,1,1,3,1,0,1,0.1647561576272541
2026-06-24,Colombia,DR Congo,0.7020320190058726,0.1873354786659953,0.1106325023281322,0,2,0,1,0,0,1,0.0505122341345503
2026-06-24,Morocco,Haiti,0.699267430895486,0.1974619155229758,0.1032706535815383,0,1,0,4,2,0,1,0.0505524530056796
2026-06-24,Switzerland,Canada,0.4202638862986028,0.2654387616334431,0.314297352067954,0,1,1,2,1,0,1,0.2174383935232634
2026-06-24,Scotland,Brazil,0.1823443114710662,0.2299216890945624,0.5877339994343713,2,0,1,0,3,2,1,0.1016063515741181
2026-06-25,Czech Republic,Mexico,0.1850553289829685,0.2383526146117796,0.5765920564052517,2,0,1,0,3,2,1,0.1067598807420641
2026-06-25,South Africa,South Korea,0.1875448378113844,0.2506486041992089,0.5618065579894064,2,0,1,1,0,0,0,0.487854999583417
